<?xml version="1.0" encoding="UTF-8"?>
<project-private xmlns="http://www.netbeans.org/ns/project-private/1">
    <editor-bookmarks xmlns="http://www.netbeans.org/ns/editor-bookmarks/2" lastBookmarkId="0"/>
    <open-files xmlns="http://www.netbeans.org/ns/projectui-open-files/2">
        <group>
            <file>file:/C:/Users/User/Desktop/DeploymentTutorial/src/aplinf/dama/humanPlayer.java</file>
            <file>file:/C:/Users/User/Desktop/DeploymentTutorial/src/aplinf/dama/pcPlayer.java</file>
            <file>file:/C:/Users/User/Desktop/DeploymentTutorial/src/aplinf/dama/newgame.java</file>
            <file>file:/C:/Users/User/Desktop/DeploymentTutorial/src/aplinf/dama/rules.java</file>
            <file>file:/C:/Users/User/Desktop/DeploymentTutorial/src/aplinf/dama/ai.java</file>
            <file>file:/C:/Users/User/Desktop/DeploymentTutorial/src/aplinf/dama/board.java</file>
            <file>file:/C:/Users/User/Desktop/DeploymentTutorial/src/aplinf/dama/window.java</file>
            <file>file:/C:/Users/User/Desktop/DeploymentTutorial/src/aplinf/dama/game.java</file>
        </group>
    </open-files>
</project-private>
